{
  "dataset": "laion",
  "timestamp": "20251105_131618",
  "num_queries": 10,
  "statistics": {
    "key_gen": {
      "mean": 1.5031717000965727,
      "std": 0.46830896736578526,
      "min": 1.2546100006147753,
      "max": 2.820124002028024,
      "count": 10
    },
    "key_size": {
      "mean": 0.8916015625,
      "std": 0.0,
      "min": 0.8916015625,
      "max": 0.8916015625,
      "count": 10
    },
    "reconstruction": {
      "mean": 6.360878499981482,
      "std": 0.014622870633743564,
      "min": 6.329667998215882,
      "max": 6.380030001309933,
      "count": 10
    },
    "distance": {
      "mean": 0.0555358001292916,
      "std": 0.002013601649882627,
      "min": 0.05352799780666828,
      "max": 0.05948699981672689,
      "count": 10
    },
    "network": {
      "mean": 6912.081698100519,
      "std": 68.43655735831418,
      "min": 6796.849640999426,
      "max": 7018.634235999343,
      "count": 10
    },
    "total_client": {
      "mean": 6920.016389000375,
      "std": 68.49535407258841,
      "min": 6804.574126999796,
      "max": 7026.364129000285,
      "count": 10
    },
    "memory": {
      "mean": 0.0,
      "std": 0.0,
      "min": 0.0,
      "max": 0.0,
      "count": 10
    }
  },
  "raw_results": [
    {
      "node_id": 479,
      "key_gen_time_ms": 1.2634559971047565,
      "key_size_kb": 0.8916015625,
      "network_time_ms": 6823.48019300116,
      "recon_time_ms": 6.359884002449689,
      "distance_time_ms": 0.057288001698907465,
      "memory_mb": 0.0,
      "total_client_time_ms": 6831.176697000046,
      "success": true
    },
    {
      "node_id": 4528,
      "key_gen_time_ms": 1.2706579982477706,
      "key_size_kb": 0.8916015625,
      "network_time_ms": 6938.656361002359,
      "recon_time_ms": 6.352043998049339,
      "distance_time_ms": 0.05352799780666828,
      "memory_mb": 0.0,
      "total_client_time_ms": 6946.34778299951,
      "success": true
    },
    {
      "node_id": 7502,
      "key_gen_time_ms": 1.2783610000042245,
      "key_size_kb": 0.8916015625,
      "network_time_ms": 6926.6561869990255,
      "recon_time_ms": 6.329667998215882,
      "distance_time_ms": 0.053555999329546466,
      "memory_mb": 0.0,
      "total_client_time_ms": 6934.3314099969575,
      "success": true
    },
    {
      "node_id": 9258,
      "key_gen_time_ms": 2.820124002028024,
      "key_size_kb": 0.8916015625,
      "network_time_ms": 6930.545877003169,
      "recon_time_ms": 6.346555997879477,
      "distance_time_ms": 0.053744999604532495,
      "memory_mb": 0.0,
      "total_client_time_ms": 6939.781501001562,
      "success": true
    },
    {
      "node_id": 6860,
      "key_gen_time_ms": 1.2801240009139292,
      "key_size_kb": 0.8916015625,
      "network_time_ms": 7018.634235999343,
      "recon_time_ms": 6.380030001309933,
      "distance_time_ms": 0.05545599924516864,
      "memory_mb": 0.0,
      "total_client_time_ms": 7026.364129000285,
      "success": true
    },
    {
      "node_id": 9318,
      "key_gen_time_ms": 1.7816970030253287,
      "key_size_kb": 0.8916015625,
      "network_time_ms": 6880.424308001238,
      "recon_time_ms": 6.373281998094171,
      "distance_time_ms": 0.05442700057756156,
      "memory_mb": 0.0,
      "total_client_time_ms": 6888.648849002493,
      "success": true
    },
    {
      "node_id": 7273,
      "key_gen_time_ms": 1.2662789995374624,
      "key_size_kb": 0.8916015625,
      "network_time_ms": 6934.044172998256,
      "recon_time_ms": 6.354113000270445,
      "distance_time_ms": 0.0561480010219384,
      "memory_mb": 0.0,
      "total_client_time_ms": 6941.7363249995105,
      "success": true
    },
    {
      "node_id": 3577,
      "key_gen_time_ms": 1.2789020001946483,
      "key_size_kb": 0.8916015625,
      "network_time_ms": 6796.849640999426,
      "recon_time_ms": 6.372081999870716,
      "distance_time_ms": 0.05796900222776458,
      "memory_mb": 0.0,
      "total_client_time_ms": 6804.574126999796,
      "success": true
    },
    {
      "node_id": 795,
      "key_gen_time_ms": 1.5375059992948081,
      "key_size_kb": 0.8916015625,
      "network_time_ms": 7008.177861000149,
      "recon_time_ms": 6.37107300281059,
      "distance_time_ms": 0.05948699981672689,
      "memory_mb": 0.0,
      "total_client_time_ms": 7016.161057003046,
      "success": true
    },
    {
      "node_id": 1448,
      "key_gen_time_ms": 1.2546100006147753,
      "key_size_kb": 0.8916015625,
      "network_time_ms": 6863.3481440010655,
      "recon_time_ms": 6.370053000864573,
      "distance_time_ms": 0.05375399996410124,
      "memory_mb": 0.0,
      "total_client_time_ms": 6871.042012000544,
      "success": true
    }
  ]
}