{
  "dataset": "siftsmall",
  "timestamp": "20251105_131831",
  "num_queries": 10,
  "statistics": {
    "key_gen": {
      "mean": 1.4257367005484411,
      "std": 0.49829432938176704,
      "min": 0.8893129997886717,
      "max": 2.411529996606987,
      "count": 10
    },
    "key_size": {
      "mean": 0.7802734375,
      "std": 0.0,
      "min": 0.7802734375,
      "max": 0.7802734375,
      "count": 10
    },
    "reconstruction": {
      "mean": 1.6304514996591024,
      "std": 0.011445196602151611,
      "min": 1.6164249973371625,
      "max": 1.6527590014447924,
      "count": 10
    },
    "distance": {
      "mean": 0.049551099800737575,
      "std": 0.004983517710614638,
      "min": 0.03809899862972088,
      "max": 0.06020699947839603,
      "count": 10
    },
    "network": {
      "mean": 443.77198759975727,
      "std": 41.47322809007553,
      "min": 354.69011499662884,
      "max": 473.05969599983655,
      "count": 10
    },
    "total_client": {
      "mean": 446.8922864012711,
      "std": 41.49809079299345,
      "min": 357.49463500178535,
      "max": 475.6489000028523,
      "count": 10
    },
    "memory": {
      "mean": 0.0,
      "std": 0.0,
      "min": 0.0,
      "max": 0.0,
      "count": 10
    }
  },
  "raw_results": [
    {
      "node_id": 6945,
      "key_gen_time_ms": 0.9243560016329866,
      "key_size_kb": 0.7802734375,
      "network_time_ms": 460.6407749997743,
      "recon_time_ms": 1.6164249973371625,
      "distance_time_ms": 0.04926199835608713,
      "memory_mb": 0.0,
      "total_client_time_ms": 463.24678500241134,
      "success": true
    },
    {
      "node_id": 1155,
      "key_gen_time_ms": 1.9922770006814972,
      "key_size_kb": 0.7802734375,
      "network_time_ms": 455.80483400044614,
      "recon_time_ms": 1.6527590014447924,
      "distance_time_ms": 0.04983100006938912,
      "memory_mb": 0.0,
      "total_client_time_ms": 459.5132789982017,
      "success": true
    },
    {
      "node_id": 844,
      "key_gen_time_ms": 1.1243920016568154,
      "key_size_kb": 0.7802734375,
      "network_time_ms": 354.69011499662884,
      "recon_time_ms": 1.61971200213884,
      "distance_time_ms": 0.04843499846174382,
      "memory_mb": 0.0,
      "total_client_time_ms": 357.49463500178535,
      "success": true
    },
    {
      "node_id": 3040,
      "key_gen_time_ms": 0.8893129997886717,
      "key_size_kb": 0.7802734375,
      "network_time_ms": 468.8368220013217,
      "recon_time_ms": 1.6358380016754381,
      "distance_time_ms": 0.049837999540613964,
      "memory_mb": 0.0,
      "total_client_time_ms": 471.42432699911296,
      "success": true
    },
    {
      "node_id": 1468,
      "key_gen_time_ms": 1.543615999253234,
      "key_size_kb": 0.7802734375,
      "network_time_ms": 368.7471060002281,
      "recon_time_ms": 1.6321709990734234,
      "distance_time_ms": 0.03809899862972088,
      "memory_mb": 0.0,
      "total_client_time_ms": 371.9835890005925,
      "success": true
    },
    {
      "node_id": 6609,
      "key_gen_time_ms": 2.411529996606987,
      "key_size_kb": 0.7802734375,
      "network_time_ms": 457.2279969979718,
      "recon_time_ms": 1.6226730003836565,
      "distance_time_ms": 0.06020699947839603,
      "memory_mb": 0.0,
      "total_client_time_ms": 461.3359600007243,
      "success": true
    },
    {
      "node_id": 403,
      "key_gen_time_ms": 1.5399770018120762,
      "key_size_kb": 0.7802734375,
      "network_time_ms": 465.3504059970146,
      "recon_time_ms": 1.6213549970416352,
      "distance_time_ms": 0.05021700053475797,
      "memory_mb": 0.0,
      "total_client_time_ms": 468.57642700342694,
      "success": true
    },
    {
      "node_id": 9237,
      "key_gen_time_ms": 1.115872000809759,
      "key_size_kb": 0.7802734375,
      "network_time_ms": 463.19762500206707,
      "recon_time_ms": 1.6478500001539942,
      "distance_time_ms": 0.04981600068276748,
      "memory_mb": 0.0,
      "total_client_time_ms": 466.0250710003311,
      "success": true
    },
    {
      "node_id": 1976,
      "key_gen_time_ms": 0.8953400028985925,
      "key_size_kb": 0.7802734375,
      "network_time_ms": 473.05969599983655,
      "recon_time_ms": 1.629977999982657,
      "distance_time_ms": 0.050741000450216234,
      "memory_mb": 0.0,
      "total_client_time_ms": 475.6489000028523,
      "success": true
    },
    {
      "node_id": 4940,
      "key_gen_time_ms": 1.8206940003437921,
      "key_size_kb": 0.7802734375,
      "network_time_ms": 470.1645000022836,
      "recon_time_ms": 1.6257539973594248,
      "distance_time_ms": 0.04906500180368312,
      "memory_mb": 0.0,
      "total_client_time_ms": 473.67389100327273,
      "success": true
    }
  ]
}