{
  "dataset": "siftsmall",
  "timestamp": "20251105_132323",
  "num_queries": 10,
  "num_docs": 10000,
  "mpc_size_mb": 0.457763671875,
  "statistics": {
    "upload_size": {
      "mean": 0.0022859573364257812,
      "std": 0.0,
      "min": 0.0022859573364257812,
      "max": 0.0022859573364257812,
      "count": 10
    },
    "download_size": {
      "mean": 0.004939079284667969,
      "std": 1.6206852559088136e-05,
      "min": 0.004902839660644531,
      "max": 0.004962921142578125,
      "count": 10
    },
    "mpc_size": 0.457763671875,
    "upload_time": {
      "mean": 0.36939582169979984,
      "std": 0.004871402714434911,
      "min": 0.3628479960025288,
      "max": 0.37916579699958675,
      "count": 10
    },
    "download_time": {
      "mean": 0.09604861959960545,
      "std": 0.002039232792868052,
      "min": 0.09187381199808442,
      "max": 0.09867726700031199,
      "count": 10
    },
    "comm_time": {
      "mean": 0.4654444412994053,
      "std": 0.003633664184893891,
      "min": 0.4613668560014048,
      "max": 0.47291598899755627,
      "count": 10
    },
    "comp_time": {
      "mean": 0.3371398448944092,
      "std": 0.005936772217263642,
      "min": 0.33092784881591797,
      "max": 0.3485679626464844,
      "count": 10
    },
    "total_time": {
      "mean": 0.46555963790051463,
      "std": 0.003633010432336438,
      "min": 0.46148363199972664,
      "max": 0.4730238720003399,
      "count": 10
    },
    "comm_percentage": {
      "mean": 99.97525375414008,
      "std": 0.0016486960225090535,
      "min": 99.97124617669165,
      "max": 99.97721879461704,
      "count": 10
    }
  },
  "raw_results": [
    {
      "node_id": 2368,
      "upload_size_mb": 0.0022859573364257812,
      "download_size_mb": 0.004950523376464844,
      "upload_time_s": 0.3723080290001235,
      "download_time_s": 0.09447958600139827,
      "comm_time_s": 0.46678761500152177,
      "phase1_time_s": 0.21618223190307617,
      "phase2_time_s": 0.07303714752197266,
      "phase3_time_s": 0.023905277252197266,
      "phase4_time_s": 0.05115652084350586,
      "comp_time_s": 0.3403759002685547,
      "total_time_s": 0.4669010830002662,
      "comm_percentage": 99.97569763642112,
      "mpc_size_mb": 0.457763671875,
      "success": true
    },
    {
      "node_id": 2707,
      "upload_size_mb": 0.0022859573364257812,
      "download_size_mb": 0.004932403564453125,
      "upload_time_s": 0.37052578699876904,
      "download_time_s": 0.0941110950006987,
      "comm_time_s": 0.46463688199946773,
      "phase1_time_s": 0.21063566207885742,
      "phase2_time_s": 0.07670331001281738,
      "phase3_time_s": 0.024582862854003906,
      "phase4_time_s": 0.05125737190246582,
      "comp_time_s": 0.3385963439941406,
      "total_time_s": 0.46474275600121473,
      "comm_percentage": 99.97721879461704,
      "mpc_size_mb": 0.457763671875,
      "success": true
    },
    {
      "node_id": 6658,
      "upload_size_mb": 0.0022859573364257812,
      "download_size_mb": 0.004962921142578125,
      "upload_time_s": 0.3662883370016061,
      "download_time_s": 0.09507851899979869,
      "comm_time_s": 0.4613668560014048,
      "phase1_time_s": 0.21197223663330078,
      "phase2_time_s": 0.07133340835571289,
      "phase3_time_s": 0.024078845977783203,
      "phase4_time_s": 0.051102638244628906,
      "comp_time_s": 0.3344082832336426,
      "total_time_s": 0.46148363199972664,
      "comm_percentage": 99.97469552759308,
      "mpc_size_mb": 0.457763671875,
      "success": true
    },
    {
      "node_id": 8023,
      "upload_size_mb": 0.0022859573364257812,
      "download_size_mb": 0.004932403564453125,
      "upload_time_s": 0.36509387900150614,
      "download_time_s": 0.0978210629982641,
      "comm_time_s": 0.46291494199977024,
      "phase1_time_s": 0.21198821067810059,
      "phase2_time_s": 0.0723118782043457,
      "phase3_time_s": 0.02226090431213379,
      "phase4_time_s": 0.051371097564697266,
      "comp_time_s": 0.33567118644714355,
      "total_time_s": 0.4630304390011588,
      "comm_percentage": 99.97505628320296,
      "mpc_size_mb": 0.457763671875,
      "success": true
    },
    {
      "node_id": 2293,
      "upload_size_mb": 0.0022859573364257812,
      "download_size_mb": 0.004952430725097656,
      "upload_time_s": 0.37916579699958675,
      "download_time_s": 0.09187381199808442,
      "comm_time_s": 0.47103960899767117,
      "phase1_time_s": 0.21755695343017578,
      "phase2_time_s": 0.07962512969970703,
      "phase3_time_s": 0.02276468276977539,
      "phase4_time_s": 0.05138587951660156,
      "comp_time_s": 0.3485679626464844,
      "total_time_s": 0.47116251900297357,
      "comm_percentage": 99.97391345865913,
      "mpc_size_mb": 0.457763671875,
      "success": true
    },
    {
      "node_id": 1069,
      "upload_size_mb": 0.0022859573364257812,
      "download_size_mb": 0.004902839660644531,
      "upload_time_s": 0.3683860729979642,
      "download_time_s": 0.09593664799831458,
      "comm_time_s": 0.4643227209962788,
      "phase1_time_s": 0.20845890045166016,
      "phase2_time_s": 0.07111382484436035,
      "phase3_time_s": 0.029386043548583984,
      "phase4_time_s": 0.05135512351989746,
      "comp_time_s": 0.33092784881591797,
      "total_time_s": 0.4644362840008398,
      "comm_percentage": 99.97554820575543,
      "mpc_size_mb": 0.457763671875,
      "success": true
    },
    {
      "node_id": 2721,
      "upload_size_mb": 0.0022859573364257812,
      "download_size_mb": 0.004923820495605469,
      "upload_time_s": 0.36751018299764837,
      "download_time_s": 0.09762639100154047,
      "comm_time_s": 0.46513657399918884,
      "phase1_time_s": 0.20709633827209473,
      "phase2_time_s": 0.07277297973632812,
      "phase3_time_s": 0.02880573272705078,
      "phase4_time_s": 0.051207542419433594,
      "comp_time_s": 0.33107686042785645,
      "total_time_s": 0.4652481769990118,
      "comm_percentage": 99.97601215752358,
      "mpc_size_mb": 0.457763671875,
      "success": true
    },
    {
      "node_id": 726,
      "upload_size_mb": 0.0022859573364257812,
      "download_size_mb": 0.004942893981933594,
      "upload_time_s": 0.3628479960025288,
      "download_time_s": 0.09867726700031199,
      "comm_time_s": 0.4615252630028408,
      "phase1_time_s": 0.20968937873840332,
      "phase2_time_s": 0.07014894485473633,
      "phase3_time_s": 0.0234677791595459,
      "phase4_time_s": 0.05183076858520508,
      "comp_time_s": 0.3316690921783447,
      "total_time_s": 0.4616362569977355,
      "comm_percentage": 99.97595639570935,
      "mpc_size_mb": 0.457763671875,
      "success": true
    },
    {
      "node_id": 9320,
      "upload_size_mb": 0.0022859573364257812,
      "download_size_mb": 0.004948616027832031,
      "upload_time_s": 0.37600825499976054,
      "download_time_s": 0.09690773399779573,
      "comm_time_s": 0.47291598899755627,
      "phase1_time_s": 0.21758222579956055,
      "phase2_time_s": 0.0772700309753418,
      "phase3_time_s": 0.0218963623046875,
      "phase4_time_s": 0.05142092704772949,
      "comp_time_s": 0.34627318382263184,
      "total_time_s": 0.4730238720003399,
      "comm_percentage": 99.97719290522751,
      "mpc_size_mb": 0.457763671875,
      "success": true
    },
    {
      "node_id": 5434,
      "upload_size_mb": 0.0022859573364257812,
      "download_size_mb": 0.0049419403076171875,
      "upload_time_s": 0.36582388099850505,
      "download_time_s": 0.0979740809998475,
      "comm_time_s": 0.46379796199835255,
      "phase1_time_s": 0.21162748336791992,
      "phase2_time_s": 0.0704340934753418,
      "phase3_time_s": 0.024250268936157227,
      "phase4_time_s": 0.05177021026611328,
      "comp_time_s": 0.333831787109375,
      "total_time_s": 0.4639313600018795,
      "comm_percentage": 99.97124617669165,
      "mpc_size_mb": 0.457763671875,
      "success": true
    }
  ]
}