{
  "dataset": "tripclick",
  "timestamp": "20251105_133508",
  "num_queries": 10,
  "num_docs": 1523871,
  "mpc_size_mb": 69.75727844238281,
  "statistics": {
    "upload_size": {
      "mean": 0.0028295516967773438,
      "std": 0.0,
      "min": 0.0028295516967773438,
      "max": 0.0028295516967773438,
      "count": 10
    },
    "download_size": {
      "mean": 0.025980186462402344,
      "std": 4.074277052297595e-05,
      "min": 0.0259246826171875,
      "max": 0.026035308837890625,
      "count": 10
    },
    "mpc_size": 69.75727844238281,
    "upload_time": {
      "mean": 14.17271308249983,
      "std": 0.10771467928202402,
      "min": 13.963050128997565,
      "max": 14.346005231000163,
      "count": 10
    },
    "download_time": {
      "mean": 0.14189361369972175,
      "std": 0.04654507766712704,
      "min": 0.07869371899869293,
      "max": 0.24734190199887962,
      "count": 10
    },
    "comm_time": {
      "mean": 14.314606696199553,
      "std": 0.1136970563966421,
      "min": 14.078380398997979,
      "max": 14.504515585998888,
      "count": 10
    },
    "comp_time": {
      "mean": 10.820873522758484,
      "std": 0.06950628975982766,
      "min": 10.730757474899292,
      "max": 10.978229522705078,
      "count": 10
    },
    "total_time": {
      "mean": 14.314917065300325,
      "std": 0.11369580454552643,
      "min": 14.07868498300013,
      "max": 14.50481434700123,
      "count": 10
    },
    "comm_percentage": {
      "mean": 99.9978316439781,
      "std": 7.861674508430555e-05,
      "min": 99.99767507310526,
      "max": 99.99795072217354,
      "count": 10
    }
  },
  "raw_results": [
    {
      "node_id": 2878,
      "upload_size_mb": 0.0028295516967773438,
      "download_size_mb": 0.026027679443359375,
      "upload_time_s": 14.213973489000637,
      "download_time_s": 0.16243274299995392,
      "comm_time_s": 14.37640623200059,
      "phase1_time_s": 4.639787435531616,
      "phase2_time_s": 2.0395467281341553,
      "phase3_time_s": 3.0953214168548584,
      "phase4_time_s": 4.189893484115601,
      "comp_time_s": 10.869227647781372,
      "total_time_s": 14.376723351000692,
      "comm_percentage": 99.99779421922257,
      "mpc_size_mb": 69.75727844238281,
      "success": true
    },
    {
      "node_id": 9057,
      "upload_size_mb": 0.0028295516967773438,
      "download_size_mb": 0.025936126708984375,
      "upload_time_s": 14.346005231000163,
      "download_time_s": 0.15851035499872523,
      "comm_time_s": 14.504515585998888,
      "phase1_time_s": 4.556349754333496,
      "phase2_time_s": 2.0240135192871094,
      "phase3_time_s": 3.296947479248047,
      "phase4_time_s": 4.224800109863281,
      "comp_time_s": 10.805163383483887,
      "total_time_s": 14.50481434700123,
      "comm_percentage": 99.99794026317612,
      "mpc_size_mb": 69.75727844238281,
      "success": true
    },
    {
      "node_id": 5053,
      "upload_size_mb": 0.0028295516967773438,
      "download_size_mb": 0.025951385498046875,
      "upload_time_s": 14.179966512001556,
      "download_time_s": 0.08713409999836585,
      "comm_time_s": 14.267100611999922,
      "phase1_time_s": 4.520440101623535,
      "phase2_time_s": 2.029752492904663,
      "phase3_time_s": 3.2005650997161865,
      "phase4_time_s": 4.180564880371094,
      "comp_time_s": 10.730757474899292,
      "total_time_s": 14.267408501997124,
      "comm_percentage": 99.99784200475399,
      "mpc_size_mb": 69.75727844238281,
      "success": true
    },
    {
      "node_id": 5542,
      "upload_size_mb": 0.0028295516967773438,
      "download_size_mb": 0.02602100372314453,
      "upload_time_s": 14.321314495999104,
      "download_time_s": 0.07869371899869293,
      "comm_time_s": 14.400008214997797,
      "phase1_time_s": 4.638272285461426,
      "phase2_time_s": 2.0319199562072754,
      "phase3_time_s": 3.222484827041626,
      "phase4_time_s": 4.18833065032959,
      "comp_time_s": 10.858522891998291,
      "total_time_s": 14.40031084000293,
      "comm_percentage": 99.99789848282794,
      "mpc_size_mb": 69.75727844238281,
      "success": true
    },
    {
      "node_id": 7701,
      "upload_size_mb": 0.0028295516967773438,
      "download_size_mb": 0.025970458984375,
      "upload_time_s": 14.15648843800227,
      "download_time_s": 0.16958594999960042,
      "comm_time_s": 14.32607438800187,
      "phase1_time_s": 4.598235845565796,
      "phase2_time_s": 2.0361862182617188,
      "phase3_time_s": 3.0692214965820312,
      "phase4_time_s": 4.205251455307007,
      "comp_time_s": 10.839673519134521,
      "total_time_s": 14.326392849001422,
      "comm_percentage": 99.99777710270193,
      "mpc_size_mb": 69.75727844238281,
      "success": true
    },
    {
      "node_id": 4678,
      "upload_size_mb": 0.0028295516967773438,
      "download_size_mb": 0.02593517303466797,
      "upload_time_s": 14.139404697998543,
      "download_time_s": 0.14647603299818002,
      "comm_time_s": 14.285880730996723,
      "phase1_time_s": 4.737412929534912,
      "phase2_time_s": 2.0295989513397217,
      "phase3_time_s": 2.9142587184906006,
      "phase4_time_s": 4.211217641830444,
      "comp_time_s": 10.978229522705078,
      "total_time_s": 14.286212875002093,
      "comm_percentage": 99.99767507310526,
      "mpc_size_mb": 69.75727844238281,
      "success": true
    },
    {
      "node_id": 8129,
      "upload_size_mb": 0.0028295516967773438,
      "download_size_mb": 0.026035308837890625,
      "upload_time_s": 14.046627222000097,
      "download_time_s": 0.14792961400235072,
      "comm_time_s": 14.194556836002448,
      "phase1_time_s": 4.481895923614502,
      "phase2_time_s": 2.0367915630340576,
      "phase3_time_s": 3.0611791610717773,
      "phase4_time_s": 4.219149827957153,
      "comp_time_s": 10.737837314605713,
      "total_time_s": 14.194871137999144,
      "comm_percentage": 99.99778580591793,
      "mpc_size_mb": 69.75727844238281,
      "success": true
    },
    {
      "node_id": 9154,
      "upload_size_mb": 0.0028295516967773438,
      "download_size_mb": 0.02602100372314453,
      "upload_time_s": 13.963050128997565,
      "download_time_s": 0.11533027000041329,
      "comm_time_s": 14.078380398997979,
      "phase1_time_s": 4.6036272048950195,
      "phase2_time_s": 2.0173988342285156,
      "phase3_time_s": 2.8891570568084717,
      "phase4_time_s": 4.208759546279907,
      "comp_time_s": 10.829785585403442,
      "total_time_s": 14.07868498300013,
      "comm_percentage": 99.99783655929144,
      "mpc_size_mb": 69.75727844238281,
      "success": true
    },
    {
      "node_id": 5868,
      "upload_size_mb": 0.0028295516967773438,
      "download_size_mb": 0.0259246826171875,
      "upload_time_s": 14.200366990000475,
      "download_time_s": 0.10550145100205555,
      "comm_time_s": 14.30586844100253,
      "phase1_time_s": 4.545104503631592,
      "phase2_time_s": 2.0273077487945557,
      "phase3_time_s": 3.190610647201538,
      "phase4_time_s": 4.188383340835571,
      "comp_time_s": 10.760795593261719,
      "total_time_s": 14.306161614000303,
      "comm_percentage": 99.99795072217354,
      "mpc_size_mb": 69.75727844238281,
      "success": true
    },
    {
      "node_id": 4769,
      "upload_size_mb": 0.0028295516967773438,
      "download_size_mb": 0.025979042053222656,
      "upload_time_s": 14.1599336199979,
      "download_time_s": 0.24734190199887962,
      "comm_time_s": 14.40727552199678,
      "phase1_time_s": 4.553752183914185,
      "phase2_time_s": 2.0228500366210938,
      "phase3_time_s": 3.111422061920166,
      "phase4_time_s": 4.222140073776245,
      "comp_time_s": 10.798742294311523,
      "total_time_s": 14.407590153998171,
      "comm_percentage": 99.99781620661035,
      "mpc_size_mb": 69.75727844238281,
      "success": true
    }
  ]
}