{
  "dataset": "nfcorpus",
  "timestamp": "20251105_133035",
  "num_queries": 10,
  "num_docs": 3633,
  "mpc_size_mb": 0.1663055419921875,
  "statistics": {
    "upload_size": {
      "mean": 0.0021772384643554688,
      "std": 0.0,
      "min": 0.0021772384643554688,
      "max": 0.0021772384643554688,
      "count": 10
    },
    "download_size": {
      "mean": 0.025944232940673828,
      "std": 2.51424798392536e-05,
      "min": 0.025902748107910156,
      "max": 0.025981903076171875,
      "count": 10
    },
    "mpc_size": 0.1663055419921875,
    "upload_time": {
      "mean": 0.37172967800070184,
      "std": 0.0048458604966664705,
      "min": 0.3654030920006335,
      "max": 0.37955694400079665,
      "count": 10
    },
    "download_time": {
      "mean": 0.09393577660011942,
      "std": 0.004310641045363472,
      "min": 0.08807849499862641,
      "max": 0.09975904800012358,
      "count": 10
    },
    "comm_time": {
      "mean": 0.46566545460082126,
      "std": 0.005496352547790024,
      "min": 0.45677839100244455,
      "max": 0.47750789700148744,
      "count": 10
    },
    "comp_time": {
      "mean": 0.3233760356903076,
      "std": 0.0055383518858838484,
      "min": 0.315293550491333,
      "max": 0.33179688453674316,
      "count": 10
    },
    "total_time": {
      "mean": 0.4659807402007573,
      "std": 0.005498499386687966,
      "min": 0.4570901920014876,
      "max": 0.47781623199989554,
      "count": 10
    },
    "comm_percentage": {
      "mean": 99.93233555640158,
      "std": 0.003047197041548026,
      "min": 99.92598495240138,
      "max": 99.93739896480218,
      "count": 10
    }
  },
  "raw_results": [
    {
      "node_id": 2770,
      "upload_size_mb": 0.0021772384643554688,
      "download_size_mb": 0.025902748107910156,
      "upload_time_s": 0.37813103900043643,
      "download_time_s": 0.099376858001051,
      "comm_time_s": 0.47750789700148744,
      "phase1_time_s": 0.16781377792358398,
      "phase2_time_s": 0.05503129959106445,
      "phase3_time_s": 0.0435633659362793,
      "phase4_time_s": 0.10613870620727539,
      "comp_time_s": 0.32898378372192383,
      "total_time_s": 0.47781623199989554,
      "comm_percentage": 99.9354699615127,
      "mpc_size_mb": 0.1663055419921875,
      "success": true
    },
    {
      "node_id": 1650,
      "upload_size_mb": 0.0021772384643554688,
      "download_size_mb": 0.025943756103515625,
      "upload_time_s": 0.37299242700100876,
      "download_time_s": 0.09218283999871346,
      "comm_time_s": 0.4651752669997222,
      "phase1_time_s": 0.16805338859558105,
      "phase2_time_s": 0.051482200622558594,
      "phase3_time_s": 0.04216122627258301,
      "phase4_time_s": 0.10673213005065918,
      "comp_time_s": 0.32626771926879883,
      "total_time_s": 0.4654811470027198,
      "comm_percentage": 99.9342873486999,
      "mpc_size_mb": 0.1663055419921875,
      "success": true
    },
    {
      "node_id": 1151,
      "upload_size_mb": 0.0021772384643554688,
      "download_size_mb": 0.025910377502441406,
      "upload_time_s": 0.3776496110003791,
      "download_time_s": 0.0907832970005984,
      "comm_time_s": 0.4684329080009775,
      "phase1_time_s": 0.17621612548828125,
      "phase2_time_s": 0.051305532455444336,
      "phase3_time_s": 0.04174518585205078,
      "phase4_time_s": 0.10268497467041016,
      "comp_time_s": 0.33020663261413574,
      "total_time_s": 0.46875198899942916,
      "comm_percentage": 99.93192967583289,
      "mpc_size_mb": 0.1663055419921875,
      "success": true
    },
    {
      "node_id": 820,
      "upload_size_mb": 0.0021772384643554688,
      "download_size_mb": 0.025966644287109375,
      "upload_time_s": 0.3654030920006335,
      "download_time_s": 0.09949618700193241,
      "comm_time_s": 0.4648992790025659,
      "phase1_time_s": 0.1658189296722412,
      "phase2_time_s": 0.048180341720581055,
      "phase3_time_s": 0.0457463264465332,
      "phase4_time_s": 0.10129427909851074,
      "comp_time_s": 0.315293550491333,
      "total_time_s": 0.46522155799902976,
      "comm_percentage": 99.93072569597807,
      "mpc_size_mb": 0.1663055419921875,
      "success": true
    },
    {
      "node_id": 2595,
      "upload_size_mb": 0.0021772384643554688,
      "download_size_mb": 0.025928497314453125,
      "upload_time_s": 0.3679015570014599,
      "download_time_s": 0.08887683400098467,
      "comm_time_s": 0.45677839100244455,
      "phase1_time_s": 0.1659107208251953,
      "phase2_time_s": 0.04865765571594238,
      "phase3_time_s": 0.04577064514160156,
      "phase4_time_s": 0.1014702320098877,
      "comp_time_s": 0.3160386085510254,
      "total_time_s": 0.4570901920014876,
      "comm_percentage": 99.931785672828,
      "mpc_size_mb": 0.1663055419921875,
      "success": true
    },
    {
      "node_id": 1781,
      "upload_size_mb": 0.0021772384643554688,
      "download_size_mb": 0.02594470977783203,
      "upload_time_s": 0.3704780350017245,
      "download_time_s": 0.09975904800012358,
      "comm_time_s": 0.4702370830018481,
      "phase1_time_s": 0.16727137565612793,
      "phase2_time_s": 0.050061702728271484,
      "phase3_time_s": 0.043598175048828125,
      "phase4_time_s": 0.1050257682800293,
      "comp_time_s": 0.3223588466644287,
      "total_time_s": 0.4705853870000283,
      "comm_percentage": 99.92598495240138,
      "mpc_size_mb": 0.1663055419921875,
      "success": true
    },
    {
      "node_id": 2353,
      "upload_size_mb": 0.0021772384643554688,
      "download_size_mb": 0.025977134704589844,
      "upload_time_s": 0.3691906169988215,
      "download_time_s": 0.09489428400047473,
      "comm_time_s": 0.4640849009992962,
      "phase1_time_s": 0.17035675048828125,
      "phase2_time_s": 0.04990792274475098,
      "phase3_time_s": 0.04172563552856445,
      "phase4_time_s": 0.10118627548217773,
      "comp_time_s": 0.32145094871520996,
      "total_time_s": 0.46441276400219067,
      "comm_percentage": 99.92940267186694,
      "mpc_size_mb": 0.1663055419921875,
      "success": true
    },
    {
      "node_id": 579,
      "upload_size_mb": 0.0021772384643554688,
      "download_size_mb": 0.025953292846679688,
      "upload_time_s": 0.36963632100014365,
      "download_time_s": 0.09015961299883202,
      "comm_time_s": 0.45979593399897567,
      "phase1_time_s": 0.16756415367126465,
      "phase2_time_s": 0.05023980140686035,
      "phase3_time_s": 0.04180741310119629,
      "phase4_time_s": 0.10521578788757324,
      "comp_time_s": 0.32301974296569824,
      "total_time_s": 0.46010210199892754,
      "comm_percentage": 99.93345650919183,
      "mpc_size_mb": 0.1663055419921875,
      "success": true
    },
    {
      "node_id": 1233,
      "upload_size_mb": 0.0021772384643554688,
      "download_size_mb": 0.025981903076171875,
      "upload_time_s": 0.3663571370016143,
      "download_time_s": 0.09575030999985756,
      "comm_time_s": 0.4621074470014719,
      "phase1_time_s": 0.16674494743347168,
      "phase2_time_s": 0.05002570152282715,
      "phase3_time_s": 0.04222893714904785,
      "phase4_time_s": 0.10157299041748047,
      "comp_time_s": 0.3183436393737793,
      "total_time_s": 0.46241766400271445,
      "comm_percentage": 99.93291411090198,
      "mpc_size_mb": 0.1663055419921875,
      "success": true
    },
    {
      "node_id": 3056,
      "upload_size_mb": 0.0021772384643554688,
      "download_size_mb": 0.025933265686035156,
      "upload_time_s": 0.37955694400079665,
      "download_time_s": 0.08807849499862641,
      "comm_time_s": 0.46763543899942306,
      "phase1_time_s": 0.17497038841247559,
      "phase2_time_s": 0.05013871192932129,
      "phase3_time_s": 0.04314541816711426,
      "phase4_time_s": 0.10668778419494629,
      "comp_time_s": 0.33179688453674316,
      "total_time_s": 0.46792836700115004,
      "comm_percentage": 99.93739896480218,
      "mpc_size_mb": 0.1663055419921875,
      "success": true
    }
  ]
}