{
  "dataset": "laion",
  "timestamp": "20251105_132912",
  "num_queries": 10,
  "num_docs": 100000,
  "mpc_size_mb": 4.57763671875,
  "statistics": {
    "upload_size": {
      "mean": 0.0026121139526367188,
      "std": 0.0,
      "min": 0.0026121139526367188,
      "max": 0.0026121139526367188,
      "count": 10
    },
    "download_size": {
      "mean": 0.017558574676513672,
      "std": 1.388734501303073e-05,
      "min": 0.017546653747558594,
      "max": 0.01758861541748047,
      "count": 10
    },
    "mpc_size": 4.57763671875,
    "upload_time": {
      "mean": 6.848782537800434,
      "std": 0.07800762820645447,
      "min": 6.711492639002245,
      "max": 6.9642628809997404,
      "count": 10
    },
    "download_time": {
      "mean": 0.08195509239958483,
      "std": 0.020939701051286213,
      "min": 0.050071055000444176,
      "max": 0.1056135879989597,
      "count": 10
    },
    "comm_time": {
      "mean": 6.930737630200019,
      "std": 0.09185853530971615,
      "min": 6.769241005000367,
      "max": 7.069459586000448,
      "count": 10
    },
    "comp_time": {
      "mean": 5.337911081314087,
      "std": 0.04479825411970417,
      "min": 5.239049911499023,
      "max": 5.413577556610107,
      "count": 10
    },
    "total_time": {
      "mean": 6.930973789999553,
      "std": 0.09185473705266747,
      "min": 6.769481376999465,
      "max": 7.069695571000921,
      "count": 10
    },
    "comm_percentage": {
      "mean": 99.99659135782997,
      "std": 0.00014522997728946507,
      "min": 99.99632517298079,
      "max": 99.9967811095706,
      "count": 10
    }
  },
  "raw_results": [
    {
      "node_id": 8247,
      "upload_size_mb": 0.0026121139526367188,
      "download_size_mb": 0.017548561096191406,
      "upload_time_s": 6.846665922999819,
      "download_time_s": 0.10058781000043382,
      "comm_time_s": 6.947253733000252,
      "phase1_time_s": 2.397339344024658,
      "phase2_time_s": 1.130295753479004,
      "phase3_time_s": 1.3399853706359863,
      "phase4_time_s": 1.8566417694091797,
      "comp_time_s": 5.384276866912842,
      "total_time_s": 6.947481348997826,
      "comm_percentage": 99.99672376238036,
      "mpc_size_mb": 4.57763671875,
      "success": true
    },
    {
      "node_id": 9705,
      "upload_size_mb": 0.0026121139526367188,
      "download_size_mb": 0.017549514770507812,
      "upload_time_s": 6.78637118700135,
      "download_time_s": 0.0665430010012642,
      "comm_time_s": 6.8529141880026145,
      "phase1_time_s": 2.247009515762329,
      "phase2_time_s": 1.1297295093536377,
      "phase3_time_s": 1.424529790878296,
      "phase4_time_s": 1.8623108863830566,
      "comp_time_s": 5.239049911499023,
      "total_time_s": 6.8531660299995565,
      "comm_percentage": 99.99632517298079,
      "mpc_size_mb": 4.57763671875,
      "success": true
    },
    {
      "node_id": 3563,
      "upload_size_mb": 0.0026121139526367188,
      "download_size_mb": 0.01758861541748047,
      "upload_time_s": 6.757046745999105,
      "download_time_s": 0.07136484899820061,
      "comm_time_s": 6.828411594997306,
      "phase1_time_s": 2.3514320850372314,
      "phase2_time_s": 1.1404130458831787,
      "phase3_time_s": 1.2839787006378174,
      "phase4_time_s": 1.8652231693267822,
      "comp_time_s": 5.357068300247192,
      "total_time_s": 6.828651620999153,
      "comm_percentage": 99.99648501614712,
      "mpc_size_mb": 4.57763671875,
      "success": true
    },
    {
      "node_id": 2655,
      "upload_size_mb": 0.0026121139526367188,
      "download_size_mb": 0.01755523681640625,
      "upload_time_s": 6.839359100002184,
      "download_time_s": 0.050071055000444176,
      "comm_time_s": 6.8894301550026285,
      "phase1_time_s": 2.3168749809265137,
      "phase2_time_s": 1.140221357345581,
      "phase3_time_s": 1.3995213508605957,
      "phase4_time_s": 1.859743595123291,
      "comp_time_s": 5.316839933395386,
      "total_time_s": 6.889665883001726,
      "comm_percentage": 99.99657852785461,
      "mpc_size_mb": 4.57763671875,
      "success": true
    },
    {
      "node_id": 1975,
      "upload_size_mb": 0.0026121139526367188,
      "download_size_mb": 0.017556190490722656,
      "upload_time_s": 6.829206630001863,
      "download_time_s": 0.1056135879989597,
      "comm_time_s": 6.934820218000823,
      "phase1_time_s": 2.3759305477142334,
      "phase2_time_s": 1.123429298400879,
      "phase3_time_s": 1.357299566268921,
      "phase4_time_s": 1.855731725692749,
      "comp_time_s": 5.355091571807861,
      "total_time_s": 6.935064118999435,
      "comm_percentage": 99.99648307507434,
      "mpc_size_mb": 4.57763671875,
      "success": true
    },
    {
      "node_id": 374,
      "upload_size_mb": 0.0026121139526367188,
      "download_size_mb": 0.017546653747558594,
      "upload_time_s": 6.9642628809997404,
      "download_time_s": 0.10519670500070788,
      "comm_time_s": 7.069459586000448,
      "phase1_time_s": 2.3498594760894775,
      "phase2_time_s": 1.1192436218261719,
      "phase3_time_s": 1.5233306884765625,
      "phase4_time_s": 1.8530840873718262,
      "comp_time_s": 5.322187185287476,
      "total_time_s": 7.069695571000921,
      "comm_percentage": 99.99666202033592,
      "mpc_size_mb": 4.57763671875,
      "success": true
    },
    {
      "node_id": 5590,
      "upload_size_mb": 0.0026121139526367188,
      "download_size_mb": 0.017548561096191406,
      "upload_time_s": 6.895798561999982,
      "download_time_s": 0.092564834998484,
      "comm_time_s": 6.988363396998466,
      "phase1_time_s": 2.3603477478027344,
      "phase2_time_s": 1.119659185409546,
      "phase3_time_s": 1.4376747608184814,
      "phase4_time_s": 1.8632376194000244,
      "comp_time_s": 5.343244552612305,
      "total_time_s": 6.988588352000079,
      "comm_percentage": 99.9967811095706,
      "mpc_size_mb": 4.57763671875,
      "success": true
    },
    {
      "node_id": 9628,
      "upload_size_mb": 0.0026121139526367188,
      "download_size_mb": 0.01755809783935547,
      "upload_time_s": 6.908062657999835,
      "download_time_s": 0.0642528169992147,
      "comm_time_s": 6.97231547499905,
      "phase1_time_s": 2.4214916229248047,
      "phase2_time_s": 1.1377289295196533,
      "phase3_time_s": 1.3728771209716797,
      "phase4_time_s": 1.8543570041656494,
      "comp_time_s": 5.413577556610107,
      "total_time_s": 6.97254010100005,
      "comm_percentage": 99.9967784193745,
      "mpc_size_mb": 4.57763671875,
      "success": true
    },
    {
      "node_id": 6531,
      "upload_size_mb": 0.0026121139526367188,
      "download_size_mb": 0.01755237579345703,
      "upload_time_s": 6.9495590519982215,
      "download_time_s": 0.10560789800001658,
      "comm_time_s": 7.055166949998238,
      "phase1_time_s": 2.359736680984497,
      "phase2_time_s": 1.1309175491333008,
      "phase3_time_s": 1.4889774322509766,
      "phase4_time_s": 1.8511905670166016,
      "comp_time_s": 5.341844797134399,
      "total_time_s": 7.0554034969973145,
      "comm_percentage": 99.9966472931112,
      "mpc_size_mb": 4.57763671875,
      "success": true
    },
    {
      "node_id": 3554,
      "upload_size_mb": 0.0026121139526367188,
      "download_size_mb": 0.017581939697265625,
      "upload_time_s": 6.711492639002245,
      "download_time_s": 0.05774836599812261,
      "comm_time_s": 6.769241005000367,
      "phase1_time_s": 2.3130979537963867,
      "phase2_time_s": 1.1320364475250244,
      "phase3_time_s": 1.282501220703125,
      "phase4_time_s": 1.8607957363128662,
      "comp_time_s": 5.305930137634277,
      "total_time_s": 6.769481376999465,
      "comm_percentage": 99.99644918147031,
      "mpc_size_mb": 4.57763671875,
      "success": true
    }
  ]
}