{
  "siftsmall": {
    "dataset": "siftsmall",
    "servers": {
      "1": {
        "nodes_shares_gb": 0.004768490791320801,
        "neighbor_lists_gb": 0.0,
        "triples_gb": 0.11175882816314697,
        "total_gb": 0.11652731895446777,
        "details": [
          "nodes_shares.npy: 0.005 GB",
          "triples_10000000.npy: 0.112 GB"
        ]
      },
      "2": {
        "nodes_shares_gb": 0.004768490791320801,
        "neighbor_lists_gb": 0.0,
        "triples_gb": 0.11175882816314697,
        "total_gb": 0.11652731895446777,
        "details": [
          "nodes_shares.npy: 0.005 GB",
          "triples_10000000.npy: 0.112 GB"
        ]
      },
      "3": {
        "nodes_shares_gb": 0.004768490791320801,
        "neighbor_lists_gb": 0.0,
        "triples_gb": 0.11175882816314697,
        "total_gb": 0.11652731895446777,
        "details": [
          "nodes_shares.npy: 0.005 GB",
          "triples_10000000.npy: 0.112 GB"
        ]
      }
    },
    "server_avg_gb": 0.11652731895446777,
    "client": {
      "nodes_mb": 0.0,
      "dpf_keys_mb": 0.0022859573364257812,
      "total_mb": 0.0022859573364257812,
      "details": [
        "DPF keys (3\u00d7): 0.00 MB"
      ]
    },
    "exists": true
  },
  "nfcorpus": {
    "dataset": "nfcorpus",
    "servers": {
      "1": {
        "nodes_shares_gb": 0.01039421558380127,
        "neighbor_lists_gb": 0.0,
        "triples_gb": 0.11175882816314697,
        "total_gb": 0.12215304374694824,
        "details": [
          "nodes_shares.npy: 0.010 GB",
          "triples_10000000.npy: 0.112 GB"
        ]
      },
      "2": {
        "nodes_shares_gb": 0.01039421558380127,
        "neighbor_lists_gb": 0.0,
        "triples_gb": 0.11175882816314697,
        "total_gb": 0.12215304374694824,
        "details": [
          "nodes_shares.npy: 0.010 GB",
          "triples_10000000.npy: 0.112 GB"
        ]
      },
      "3": {
        "nodes_shares_gb": 0.01039421558380127,
        "neighbor_lists_gb": 0.0,
        "triples_gb": 0.11175882816314697,
        "total_gb": 0.12215304374694824,
        "details": [
          "nodes_shares.npy: 0.010 GB",
          "triples_10000000.npy: 0.112 GB"
        ]
      }
    },
    "server_avg_gb": 0.12215304374694824,
    "client": {
      "nodes_mb": 0.0,
      "dpf_keys_mb": 0.0021772384643554688,
      "total_mb": 0.0021772384643554688,
      "details": [
        "DPF keys (3\u00d7): 0.00 MB"
      ]
    },
    "exists": true
  },
  "laion": {
    "dataset": "laion",
    "servers": {
      "1": {
        "nodes_shares_gb": 0.19073498249053955,
        "neighbor_lists_gb": 0.0,
        "triples_gb": 0.11175882816314697,
        "total_gb": 0.3024938106536865,
        "details": [
          "nodes_shares.npy: 0.191 GB",
          "triples_10000000.npy: 0.112 GB"
        ]
      },
      "2": {
        "nodes_shares_gb": 0.19073498249053955,
        "neighbor_lists_gb": 0.0,
        "triples_gb": 0.11175882816314697,
        "total_gb": 0.3024938106536865,
        "details": [
          "nodes_shares.npy: 0.191 GB",
          "triples_10000000.npy: 0.112 GB"
        ]
      },
      "3": {
        "nodes_shares_gb": 0.19073498249053955,
        "neighbor_lists_gb": 0.0,
        "triples_gb": 0.11175882816314697,
        "total_gb": 0.3024938106536865,
        "details": [
          "nodes_shares.npy: 0.191 GB",
          "triples_10000000.npy: 0.112 GB"
        ]
      }
    },
    "server_avg_gb": 0.3024938106536865,
    "client": {
      "nodes_mb": 0.0,
      "dpf_keys_mb": 0.0026121139526367188,
      "total_mb": 0.0026121139526367188,
      "details": [
        "DPF keys (3\u00d7): 0.00 MB"
      ]
    },
    "exists": true
  },
  "tripclick": {
    "dataset": "tripclick",
    "servers": {
      "1": {
        "nodes_shares_gb": 0.4359828233718872,
        "neighbor_lists_gb": 0.0,
        "triples_gb": 0.11175882816314697,
        "total_gb": 0.5477416515350342,
        "details": [
          "nodes_shares.npy: 0.436 GB",
          "triples_10000000.npy: 0.112 GB"
        ]
      },
      "2": {
        "nodes_shares_gb": 0.4359828233718872,
        "neighbor_lists_gb": 0.0,
        "triples_gb": 0.11175882816314697,
        "total_gb": 0.5477416515350342,
        "details": [
          "nodes_shares.npy: 0.436 GB",
          "triples_10000000.npy: 0.112 GB"
        ]
      },
      "3": {
        "nodes_shares_gb": 0.4359828233718872,
        "neighbor_lists_gb": 0.0,
        "triples_gb": 0.11175882816314697,
        "total_gb": 0.5477416515350342,
        "details": [
          "nodes_shares.npy: 0.436 GB",
          "triples_10000000.npy: 0.112 GB"
        ]
      }
    },
    "server_avg_gb": 0.5477416515350342,
    "client": {
      "nodes_mb": 0.0,
      "dpf_keys_mb": 0.0028295516967773438,
      "total_mb": 0.0028295516967773438,
      "details": [
        "DPF keys (3\u00d7): 0.00 MB"
      ]
    },
    "exists": true
  }
}