{
  "siftsmall": {
    "dataset": "siftsmall",
    "servers": {
      "1": {
        "nodes_shares_gb": 0.004768490791320801,
        "neighbor_lists_gb": 0.0143052339553833,
        "triples_gb": 0.11175882816314697,
        "total_gb": 0.13083255290985107,
        "details": [
          "nodes_shares.npy: 0.005 GB",
          "neighbors_shares.npy: 0.014 GB",
          "triples_10000000.npy: 0.112 GB"
        ]
      },
      "2": {
        "nodes_shares_gb": 0.004768490791320801,
        "neighbor_lists_gb": 0.0143052339553833,
        "triples_gb": 0.11175882816314697,
        "total_gb": 0.13083255290985107,
        "details": [
          "nodes_shares.npy: 0.005 GB",
          "neighbors_shares.npy: 0.014 GB",
          "triples_10000000.npy: 0.112 GB"
        ]
      },
      "3": {
        "nodes_shares_gb": 0.004768490791320801,
        "neighbor_lists_gb": 0.0143052339553833,
        "triples_gb": 0.11175882816314697,
        "total_gb": 0.13083255290985107,
        "details": [
          "nodes_shares.npy: 0.005 GB",
          "neighbors_shares.npy: 0.014 GB",
          "triples_10000000.npy: 0.112 GB"
        ]
      }
    },
    "server_avg_gb": 0.13083255290985107,
    "client": {
      "nodes_mb": 4.920970916748047,
      "dpf_keys_mb": 0.0022859573364257812,
      "total_mb": 4.923256874084473,
      "details": [
        "nodes.bin: 4.92 MB",
        "DPF keys (3\u00d7): 0.00 MB"
      ]
    },
    "exists": true
  },
  "nfcorpus": {
    "dataset": "nfcorpus",
    "servers": {
      "1": {
        "nodes_shares_gb": 0.01039421558380127,
        "neighbor_lists_gb": 0.0025986433029174805,
        "triples_gb": 0.11175882816314697,
        "total_gb": 0.12475168704986572,
        "details": [
          "nodes_shares.npy: 0.010 GB",
          "neighbors_shares.npy: 0.003 GB",
          "triples_10000000.npy: 0.112 GB"
        ]
      },
      "2": {
        "nodes_shares_gb": 0.01039421558380127,
        "neighbor_lists_gb": 0.0025986433029174805,
        "triples_gb": 0.11175882816314697,
        "total_gb": 0.12475168704986572,
        "details": [
          "nodes_shares.npy: 0.010 GB",
          "neighbors_shares.npy: 0.003 GB",
          "triples_10000000.npy: 0.112 GB"
        ]
      },
      "3": {
        "nodes_shares_gb": 0.01039421558380127,
        "neighbor_lists_gb": 0.0025986433029174805,
        "triples_gb": 0.11175882816314697,
        "total_gb": 0.12475168704986572,
        "details": [
          "nodes_shares.npy: 0.010 GB",
          "neighbors_shares.npy: 0.003 GB",
          "triples_10000000.npy: 0.112 GB"
        ]
      }
    },
    "server_avg_gb": 0.12475168704986572,
    "client": {
      "nodes_mb": 10.657424926757812,
      "dpf_keys_mb": 0.0021772384643554688,
      "total_mb": 10.659602165222168,
      "details": [
        "nodes.bin: 10.66 MB",
        "DPF keys (3\u00d7): 0.00 MB"
      ]
    },
    "exists": true
  },
  "laion": {
    "dataset": "laion",
    "servers": {
      "1": {
        "nodes_shares_gb": 0.19073498249053955,
        "neighbor_lists_gb": 0.14305126667022705,
        "triples_gb": 0.11175882816314697,
        "total_gb": 0.4455450773239136,
        "details": [
          "nodes_shares.npy: 0.191 GB",
          "neighbors_shares.npy: 0.143 GB",
          "triples_10000000.npy: 0.112 GB"
        ]
      },
      "2": {
        "nodes_shares_gb": 0.19073498249053955,
        "neighbor_lists_gb": 0.14305126667022705,
        "triples_gb": 0.11175882816314697,
        "total_gb": 0.4455450773239136,
        "details": [
          "nodes_shares.npy: 0.191 GB",
          "neighbors_shares.npy: 0.143 GB",
          "triples_10000000.npy: 0.112 GB"
        ]
      },
      "3": {
        "nodes_shares_gb": 0.19073498249053955,
        "neighbor_lists_gb": 0.14305126667022705,
        "triples_gb": 0.11175882816314697,
        "total_gb": 0.4455450773239136,
        "details": [
          "nodes_shares.npy: 0.191 GB",
          "neighbors_shares.npy: 0.143 GB",
          "triples_10000000.npy: 0.112 GB"
        ]
      }
    },
    "server_avg_gb": 0.4455450773239136,
    "client": {
      "nodes_mb": 195.6939811706543,
      "dpf_keys_mb": 0.0026121139526367188,
      "total_mb": 195.69659328460693,
      "details": [
        "nodes.bin: 195.69 MB",
        "DPF keys (3\u00d7): 0.00 MB"
      ]
    },
    "exists": true
  },
  "tripclick": {
    "dataset": "tripclick",
    "servers": {
      "1": {
        "nodes_shares_gb": 0.4359828233718872,
        "neighbor_lists_gb": 0.4359828233718872,
        "triples_gb": 0.11175882816314697,
        "total_gb": 0.9837244749069214,
        "details": [
          "nodes_shares.npy: 0.436 GB",
          "neighbors_shares.npy: 0.436 GB",
          "triples_10000000.npy: 0.112 GB"
        ]
      },
      "2": {
        "nodes_shares_gb": 0.4359828233718872,
        "neighbor_lists_gb": 0.4359828233718872,
        "triples_gb": 0.11175882816314697,
        "total_gb": 0.9837244749069214,
        "details": [
          "nodes_shares.npy: 0.436 GB",
          "neighbors_shares.npy: 0.436 GB",
          "triples_10000000.npy: 0.112 GB"
        ]
      },
      "3": {
        "nodes_shares_gb": 0.4359828233718872,
        "neighbor_lists_gb": 0.4359828233718872,
        "triples_gb": 0.11175882816314697,
        "total_gb": 0.9837244749069214,
        "details": [
          "nodes_shares.npy: 0.436 GB",
          "neighbors_shares.npy: 0.436 GB",
          "triples_10000000.npy: 0.112 GB"
        ]
      }
    },
    "server_avg_gb": 0.9837244749069214,
    "client": {
      "nodes_mb": 447.0276107788086,
      "dpf_keys_mb": 0.0028295516967773438,
      "total_mb": 447.03044033050537,
      "details": [
        "nodes.bin: 447.03 MB",
        "DPF keys (3\u00d7): 0.00 MB"
      ]
    },
    "exists": true
  }
}